days,group
7.9587450816311005,executive
12.559307629658377,executive
9.232231458040689,executive
7.8720115231727075,executive
5.510484910954992,executive
10.381592949436094,executive
5.755191991686398,executive
22.235244130326567,executive
33.14912182053814,executive
4.836021009022533,executive
15.688961399691683,executive
7.526741095365884,executive
8.39432846738823,executive
25.982541539254406,executive
0.7368535491284788,executive
0.9116102911900048,executive
0.2042558668422495,executive
17.874876796148882,executive
15.057842318652154,executive
20.40314280945551,executive
38.452218381668494,executive
16.052395589501458,executive
6.1892945861296855,executive
15.165359768801515,executive
1.258744118305428,executive
10.214318863920727,executive
1.547296827276452,executive
28.944204496915262,executive
7.378272783110587,executive
5.355657183007563,executive
3.0728035309045376,executive
14.882548387267349,executive
6.090824163030851,executive
8.40334706867612,executive
0.1896857166238389,executive
9.613809291948595,executive
9.469966778437781,executive
9.595479727292359,executive
28.77915078741023,executive
11.451389586503762,executive
4.455184927312392,executive
5.745324087574831,executive
11.9610780113337,executive
0.621152959253157,executive
10.989124800580397,executive
11.105974332943804,executive
2.3620670533400774,executive
1.380286876324503,executive
3.7896196613647555,executive
4.5210205634638605,executive
8.444277806509103,executive
5.7732431092959615,executive
44.544973806090525,executive
1.0763511253529057,executive
2.343015156329577,executive
1.759135534346029,executive
10.587427249064156,executive
2.920805349072697,executive
6.279415810741923,executive
2.802770137028638,executive
1.7312745277320676,executive
1.1695541204115216,executive
10.680721897991429,executive
1.4871227138829102,executive
2.1888060270504055,executive
4.6001396555972,executive
17.20331651778044,executive
1.0214488666456425,executive
18.19818924395009,executive
1.0103478280523637,executive
37.4903145070459,executive
6.323366026653813,executive
37.61927172119539,executive
9.284785012834357,executive
13.442452646867181,executive
0.3997630248351011,executive
3.3241024529662235,executive
1.2805676147452985,executive
3.511760868635276,executive
1.263886417191029,executive
3.827009577976212,executive
5.348843862443556,executive
0.6629739649103905,executive
11.791895271303414,executive
8.360975452306278,executive
3.084148398718425,executive
7.40758951587447,executive
0.986503136802505,executive
8.578956419854407,executive
26.492559250111853,executive
3.8356021044243387,executive
11.008459212601613,executive
1.4133071401922814,executive
12.599338322077136,executive
3.416541698018003,executive
2.02350436780055,executive
8.831290462896028,executive
0.20312454347150885,executive
17.65741077631358,executive
0.04706534570697675,executive
11.326341341877955,executive
3.1472166708039544,executive
13.287578801083676,executive
32.75143183042495,executive
2.8602097752744173,executive
8.58392964354515,executive
8.965908825845494,executive
8.492208216046183,executive
2.5241999544735307,executive
30.52281704985761,executive
5.92624027609847,executive
18.73459921263142,executive
12.02238560055575,executive
3.530201321290895,executive
16.809222047688273,executive
5.050187510780057,executive
21.294993647231305,executive
8.70535818554615,executive
21.348304694604508,executive
11.79382928973068,executive
12.9190926296128,executive
6.95799458595189,executive
31.2546824302023,executive
10.327970182552296,executive
5.5139599813653515,executive
9.324028734240073,executive
0.19379778984649454,executive
3.5892721650797044,executive
10.7932019606284,executive
3.425996208513074,executive
9.623750612405853,executive
5.599610741949536,executive
1.455739734093885,executive
3.542241295764082,executive
8.4388847060356,executive
8.937290741273026,executive
8.540797192755388,executive
10.590093981417905,executive
10.558495961259274,executive
5.646105027916918,executive
22.686339691073623,executive
4.581728814225235,executive
5.7246156194835685,executive
22.249146277778834,executive
16.408975637323987,executive
12.170194885231822,executive
1.0561264445328786,executive
25.19282139550544,executive
12.526075289986025,executive
67.65393734039725,executive
1.618700866982616,executive
20.259087927419728,executive
1.7732557911118652,executive
9.559664156488699,executive
1.3218371012746117,executive
18.839288998793563,executive
16.467190930672434,executive
8.41880948482476,executive
5.228700293276967,executive
0.7167538992643917,executive
11.954385685486276,executive
6.042990762968419,executive
12.803341833885627,executive
20.12772735675894,executive
37.0996030210397,executive
19.365772332668506,executive
0.1178323462231922,executive
4.462528289632119,executive
13.092983666096682,executive
1.8829497489895535,executive
7.3613110662959915,executive
0.5587005531306692,executive
2.2313920744414446,executive
0.18695470770046524,executive
15.784127264289458,executive
2.535057120395251,executive
4.236571046329912,executive
26.32218873763466,executive
12.18796812081237,executive
0.3235681043540596,executive
1.799573415520762,executive
9.71482144323873,executive
8.609236445952163,executive
2.716680788222265,executive
27.213481977014,executive
9.518297164268871,executive
7.670796669351843,executive
8.913785735188188,executive
13.097853833222185,executive
3.738864958136876,executive
5.0786511409605515,executive
2.35524566970723,executive
2.060320490552345,executive
28.89075617959369,executive
13.453474273941273,executive
6.742445829092899,executive
2.5801276236606263,executive
2.935076505897682,executive
0.597809606427431,executive
5.698975593829353,executive
3.73669801902429,executive
11.918581138105216,executive
4.744162936126185,executive
1.9796773543612678,executive
0.249883529183461,executive
0.6961767177320045,executive
11.375384985072793,executive
6.045812275694057,executive
7.691198063343582,executive
22.698400425314716,executive
46.39652671549505,executive
2.444910263815217,executive
10.87904432235949,executive
3.056049000415655,executive
0.20867213221782768,executive
14.203834634971734,executive
3.8568770292780643,executive
4.836383922725319,executive
8.875019190896976,executive
17.78143322544256,executive
9.915042784647651,executive
20.608212243888815,executive
3.195746569927715,executive
15.99719459514838,executive
2.0534777009549727,executive
30.531846429416998,executive
11.631132949503808,executive
2.42718492852546,executive
29.444801993055396,executive
13.125080086836892,executive
2.9295145475353923,executive
2.3992352258485754,executive
7.302276706012668,executive
0.2599774991758379,executive
2.3252501424781973,executive
5.528383768737486,executive
4.686764788343242,executive
6.228293127494283,executive
3.2521601506472093,executive
8.837856587615041,executive
19.94039235320653,executive
1.2503258823361523,executive
7.2852383446578175,executive
1.4164203093149341,executive
12.618126780454997,executive
5.042799316403209,executive
8.333782502326796,executive
2.024587595803043,executive
1.5647576664853111,executive
6.695405831271101,executive
4.394553948671697,executive
28.206358427817754,executive
14.495547822850323,executive
13.809630771052143,executive
23.404919629750886,executive
0.871085840144634,executive
8.03391759242935,executive
8.782150705708844,executive
32.68496270490665,executive
3.455195781766234,executive
2.7552794061813417,executive
1.0568717152126388,executive
0.16566092712647768,executive
26.525584966737487,executive
11.0840976737422,executive
15.378287226027542,executive
3.3090988328697284,executive
8.828805358441796,executive
0.6609201104078581,executive
6.6480775433801735,executive
37.94023981740936,executive
20.915565960151902,executive
4.1272986039066595,executive
32.58920895789961,executive
2.6357711408489317,executive
29.822006881180346,executive
28.366401889985053,executive
16.054587764686524,executive
9.954636469412025,executive
20.737614370605037,executive
3.4675330445585177,executive
18.90101706140509,executive
9.620119264355662,executive
0.13325245813812014,executive
4.265358215220927,executive
1.6033409557265863,executive
40.07949815313653,executive
6.507973433028168,executive
6.879434743518152,executive
10.201870877115306,executive
4.597913226195221,executive
1.4722503453539395,executive
17.26633369965956,executive
2.105332858579192,executive
7.160453184038682,executive
2.5401138476835987,executive
1.0296836191158971,executive
19.818903651250345,executive
36.089409619554594,executive
32.399630575231505,executive
23.703875934806796,executive
14.874297383644244,executive
4.051828759823608,executive
0.8457948914158147,executive
5.229676598646346,executive
2.642704649359845,executive
1.4212551338142076,executive
0.5490737709957073,executive
12.931478447501357,executive
0.11493253758047459,executive
14.722041567216284,executive
1.5893318409181005,executive
0.8286226837053423,executive
0.9387454847876757,executive
11.148874353489465,executive
2.8152401871570962,executive
5.456577232326893,executive
8.150183417044571,executive
19.700575825044382,executive
12.98445631416122,executive
3.1516003101213217,executive
1.409678884206735,executive
0.5696653622502167,executive
3.5896131924809254,executive
3.039715610187504,executive
6.090644603697195,executive
11.497413930019443,executive
11.894962492575898,executive
3.3340333573350316,executive
4.7791799481809205,executive
1.998555365839927,executive
15.537454918625997,executive
0.5852790267940507,executive
11.940133702963385,executive
15.082152275374039,executive
15.024128112871267,executive
3.003250786218568,executive
4.681064507196353,executive
8.857606422528878,executive
3.1858385541797625,executive
4.633900261599527,executive
2.194681640643968,executive
6.159192930971455,executive
0.45638053610645657,executive
16.08417855721981,executive
0.800788592291815,executive
7.315453416715059,executive
3.664512907003647,executive
8.61667491390789,executive
32.048087525399,executive
10.372451034370936,executive
0.3600282928516804,executive
5.628252017377511,executive
7.133842809551249,executive
7.682533316282663,executive
11.437953745754415,executive
3.2517087508299607,executive
1.3795322936942505,executive
4.98692325089278,executive
31.328293940298913,executive
2.0718518085949396,executive
23.432399653157958,executive
7.848370119116153,executive
6.104828446278939,executive
21.374216502598784,executive
6.1360421946555155,executive
12.879619768216823,executive
5.092024779520074,executive
23.43869620517843,executive
11.712636950544779,executive
12.0271377806728,executive
3.9708095588030847,executive
14.13783315052161,executive
10.107691601593356,executive
2.7446352155717557,executive
1.749950483048662,executive
15.91556121495472,executive
31.982549793455973,executive
6.127454492078178,executive
8.94001408098752,executive
19.49976916510579,executive
6.110575600497189,executive
30.339426154251985,executive
8.574351139284115,executive
17.190693170421095,executive
23.951798653964197,executive
16.90234922852184,executive
1.7365656266068907,executive
9.912795046773294,executive
5.082194538118612,executive
0.6476569576467495,executive
5.517036127182137,executive
2.993283840787159,executive
18.907291725561038,executive
0.3387185544078737,executive
31.937618830853808,executive
4.390769838555839,executive
4.4115481164779515,executive
0.16463281859021167,executive
2.04852268018556,executive
5.1292699811335885,executive
26.491883174462906,executive
1.0493275185211142,executive
29.059196042996305,executive
20.362941675498057,executive
6.054337777119879,executive
3.9556559305341406,executive
2.6493493387136553,executive
9.531225375802638,executive
0.33633923500440205,executive
0.1572912103564306,executive
5.600083793612688,executive
0.7050194596877858,executive
2.9027341140039957,executive
2.499508210038628,executive
2.9194607536863137,executive
1.404757129463228,executive
0.12109244758244808,executive
1.22715012163683,executive
9.635926851998535,executive
36.59561955471154,executive
46.402795247685695,executive
5.2603079769945635,executive
1.7787676080722834,executive
10.182175864284726,executive
6.739434512904062,executive
45.4782408884695,executive
0.6753415787549573,executive
15.289388703453213,executive
3.4023721151687703,executive
2.763051953443904,executive
10.862033140432935,executive
2.8244671420833845,executive
10.96192571224609,executive
7.2837758139013005,executive
5.518021240338825,executive
8.089796892197217,executive
3.3834611913036756,executive
12.261322079671547,executive
5.358987938706935,executive
4.471399044197262,executive
17.6408738487952,executive
25.898260887770057,executive
0.4709927096708974,executive
2.647822761816708,executive
4.285076134694281,executive
16.872182777239498,executive
42.33015607229754,executive
34.72855738233016,executive
23.533348040963624,executive
3.5176738439522017,executive
48.29720152650144,executive
2.86909092686232,executive
1.1194453715028985,executive
30.149683269135394,executive
2.658165488581462,executive
11.704357287585763,executive
0.6012837638344524,executive
13.119630678062498,executive
21.34702379179043,executive
3.1805454207078396,executive
4.765158213385129,executive
4.6887815614172625,executive
13.81459100019375,executive
2.7155579273792814,executive
1.8856472372421589,executive
5.965499179253607,executive
3.6307884431861743,executive
18.275262768800733,executive
2.714699696758789,executive
6.979375510638805,executive
28.57425296918422,executive
10.051156552854202,executive
20.19584502567615,executive
28.16911660497659,executive
13.89358498342597,executive
12.025573406499726,executive
34.40943911084469,executive
51.851296996978505,executive
6.011546483760796,executive
0.7350637580901314,executive
3.4643332798916884,executive
1.6529301570492687,executive
5.404027029077102,executive
1.4074515331290383,executive
9.266385968862844,executive
4.825752161899414,executive
22.574767870126724,executive
34.356233680245566,executive
7.916091055720594,executive
3.2134030182597133,executive
8.970530159776253,executive
22.70710122951046,executive
5.221113113013388,executive
8.031367865921643,executive
3.1697737692435215,executive
6.077847696930289,executive
5.136856019067373,executive
2.8556892682812145,executive
7.049493202803973,executive
3.7161575546555543,executive
4.668643441707057,executive
7.4437825005037705,executive
13.886772897564434,executive
4.057263409133957,executive
25.791131582557377,executive
19.828125724853834,executive
0.49915608018146435,executive
2.9255060354898275,executive
5.908352298442833,executive
1.1051588034614976,executive
4.284410281976625,executive
13.474488168632078,executive
11.410433305824201,executive
9.738786076532245,executive
12.3969809635847,executive
2.293171776890118,executive
4.1809166087080225,executive
11.277604454733938,executive
21.139068083342817,executive
7.845566962774434,executive
3.3226062922716575,executive
0.3070177092762817,executive
12.390365102627808,executive
0.07915347380805356,executive
4.662970189346932,executive
7.561662477198724,executive
25.524764712978055,executive
0.9375538865493666,executive
5.207788632699998,executive
0.24613645411272977,executive
4.1947932665581895,executive
9.734725370341943,executive
3.2721038778675258,executive
2.354058641795282,executive
1.229625637761174,executive
8.607147010568143,executive
11.883291597146952,executive
11.146110102192566,executive
29.732082686555444,executive
0.02706874174015226,executive
10.41844470467142,executive
9.172718057138505,executive
8.885287127117602,executive
32.90648982062225,executive
0.17015621444908596,executive
11.923157812007544,executive
16.80282406233211,executive
7.129564889864754,executive
4.064128614797539,executive
15.64656550057448,executive
1.0230178239160788,executive
5.834601855399111,executive
7.338699603580567,executive
11.840277392481834,executive
0.9528448537008006,executive
2.5845925096630578,executive
5.281439959539663,executive
9.762920232111265,executive
21.80020451611854,executive
9.644997565714588,executive
1.4324870565049204,executive
39.41458653798483,executive
20.540524673278988,executive
6.9860356186128625,executive
25.55517738696651,executive
7.795350292720373,executive
25.679326857223188,executive
17.713533099959378,executive
34.51009992622574,executive
25.230174576255465,executive
0.3669906530701308,executive
1.9209557223465783,executive
4.9287876489431195,executive
30.39531556122277,executive
3.567162583292023,executive
1.7491026108410277,executive
21.742329176478744,executive
5.913027870908341,executive
23.846153801007866,executive
1.7462778945648594,executive
10.821018733125925,executive
5.802895933977709,executive
0.7957015246148282,executive
11.922522414317552,executive
2.8421974727534147,executive
0.40421577384895047,executive
0.6181614829241984,executive
0.6302344232057624,executive
23.83068270414734,executive
13.466272777165608,executive
22.833939978782563,executive
11.165185876991803,executive
7.527696538855909,executive
3.630471524718563,executive
61.95909673019582,executive
4.4971337017794495,executive
6.361034551449585,executive
4.752094358517941,executive
38.88644882520846,executive
1.9195790004513646,executive
3.9747908282685214,executive
11.405244585104777,executive
0.6529359903168681,executive
9.345804079878192,executive
6.4941072273953635,executive
3.3407507956632587,executive
2.7235123384512985,executive
7.2260223937846355,executive
4.587513036421092,executive
6.097621715499604,executive
4.117005809713186,executive
35.231512620757435,executive
1.432232723796933,executive
1.0181564301451638,executive
4.2066767696522644,executive
8.941058974019175,executive
10.763904484112459,executive
5.062639559578638,executive
72.33477001061301,executive
4.336994669304853,executive
12.780021517345961,executive
10.14958953554948,executive
16.769347423751547,executive
37.391485764634986,executive
22.054008199050056,executive
14.463075609131334,executive
11.981513745045124,executive
4.087176463945562,executive
1.5979978056772035,executive
0.6468360159169507,executive
2.769422239127562,executive
5.66129548554164,executive
7.381367507678931,executive
14.831734087955137,executive
31.878841432953642,executive
1.247930892017949,executive
1.1317333439162809,executive
8.90853818328744,executive
13.680540278728852,executive
18.848645922481087,executive
27.462518850240883,executive
40.99934693570646,executive
5.1049516541424325,executive
4.785765657227811,executive
1.5994421949511406,executive
11.549745306494863,executive
10.693310738071846,executive
19.80955289854103,executive
1.0231847490104946,executive
6.887108512874019,executive
8.700799143898708,executive
2.764876841286365,executive
1.8515605755333084,executive
19.631233039669734,executive
0.6031802369772311,executive
6.36050476024781,executive
1.2311045263936125,executive
6.107541809838502,executive
39.10141094449425,executive
5.511379451629679,executive
19.457845794714746,executive
1.247875195835844,executive
3.1642739108048574,executive
5.171669218098348,executive
5.105125727871132,executive
11.128637967066272,executive
4.226897960318156,executive
12.509486547933546,executive
10.193951811019657,executive
5.0942850894352985,executive
5.652116389412056,executive
9.532859428024697,executive
0.7261605961082176,executive
17.282593903358027,executive
10.596449569794608,executive
12.958778244712821,executive
7.698619343652516,executive
1.170700397640884,executive
5.1925372950843425,executive
5.198219409633385,executive
3.8719746718810217,executive
0.3040799735756677,executive
13.365684162497391,executive
1.1629166362502015,executive
9.321867392216562,executive
12.147557197877916,executive
10.072726800690933,executive
31.97658805599405,executive
1.0903186357686914,executive
20.186637766178084,executive
0.29624746310187355,executive
7.655390827703554,executive
5.179234504114985,executive
7.4272376070026525,executive
4.542875791689738,executive
2.1142117134422977,executive
0.19308104990157451,executive
7.301220302392877,executive
18.500892258788618,executive
4.671532247030176,executive
2.521396775818621,executive
0.8396004084184197,executive
0.8917107814109787,executive
2.502532795890878,executive
1.053761390260429,executive
3.0793879260821515,executive
0.6843887723827262,executive
0.6785587583647296,executive
19.398617350053815,executive
1.7688069799756942,executive
8.202590074990253,executive
14.848140815696185,executive
6.095591931422801,executive
1.6649019024255838,executive
2.2263885634428746,executive
5.673681207590459,executive
7.51272368070719,executive
4.299221974609336,executive
15.208759060340958,executive
13.903893294955958,executive
26.202015261247663,executive
0.29379943735450026,executive
22.604004229558925,executive
4.985163422151271,executive
21.06792145717756,executive
11.737177272472001,executive
43.69999813613038,executive
14.24131031643537,executive
4.534134126857839,executive
6.952757901121701,executive
4.722287513056504,executive
4.5399144881551665,executive
3.0232813685839806,executive
6.851200748964771,executive
11.44886447603373,executive
3.2481680565143103,executive
7.431356656913964,executive
1.2486085537413203,executive
1.7416922178781926,executive
0.47937200494196414,executive
35.31241471281157,executive
0.03867821898900742,executive
1.9672069019636917,executive
9.489863380212398,executive
0.8487141255131759,executive
21.3619394653752,executive
12.716100160003485,executive
33.92930787435707,executive
7.085360790746336,executive
3.5725180051490923,executive
7.973984734001941,executive
26.710249341297295,executive
7.355567622172322,executive
3.1089206155024236,executive
20.988183792981236,executive
4.650857395333994,executive
0.01384307710944778,executive
2.846001896580285,executive
3.830680685897829,executive
19.574183932250257,executive
6.1341806124969125,executive
5.88043816022976,executive
4.096271570298143,executive
21.25930589045965,executive
29.009090657629542,executive
48.14697997945955,executive
4.727935445803475,executive
33.857408209398045,executive
15.696383746729802,executive
11.26052802288797,executive
2.8089115557229203,executive
2.439296697831917,executive
1.8157922181824884,executive
25.607939361259334,executive
3.4824863432987856,executive
6.034787865580135,executive
6.811352811255329,executive
15.058511484702713,executive
18.59406570938949,executive
1.497452161550528,executive
5.567026655690278,executive
18.505856192159506,executive
17.039316073100924,executive
1.0804607237531676,executive
1.700570923882956,executive
3.6269113583980275,executive
0.783497996249561,executive
5.5279932784741606,executive
1.1386065654614717,executive
8.398335066825357,executive
2.8310183087265757,executive
9.07412919898504,executive
1.250255477114549,executive
37.24874302180336,executive
26.965348162387958,executive
4.972464701518468,executive
2.7730753340424763,executive
2.8821316392732585,executive
6.604738842724727,executive
0.4081449652827865,executive
10.20832433060752,executive
5.247604445384483,executive
4.738615777102218,executive
16.573945244229897,executive
12.345538755356923,executive
30.863971979221883,executive
4.3376619317349006,executive
22.783097835542847,executive
14.695333117572467,executive
4.422711953062469,executive
9.719763860746324,executive
3.4047819046303154,executive
20.746523647161098,executive
1.192648648870644,executive
2.3880856101810295,executive
2.021569341322346,executive
5.158817216541479,executive
13.674057201354238,executive
7.484642416648917,executive
6.687986730951621,executive
0.005461139900989002,executive
5.540841351477816,executive
0.6566317982102852,executive
2.335137010823811,executive
26.94057639604751,executive
2.425789565822813,executive
19.543087895471263,executive
16.240104355631296,executive
1.7333751872130843,executive
9.306735638697614,executive
1.229157916331384,executive
13.015421147334523,executive
10.146267476800269,executive
16.70986570023664,executive
6.527436083933562,executive
24.63494586956321,executive
0.5060820994143507,executive
3.4656700885373355,executive
12.554506682547544,executive
5.414724979105332,executive
1.8989176376717354,executive
1.1340472307777274,executive
17.001239132917046,executive
6.408260736374322,executive
21.39477548076734,executive
13.215901074044446,executive
5.27168791471126,executive
4.676240852565515,executive
7.249234336309323,executive
21.987653424129043,executive
13.366610466508043,executive
0.051662865753546595,executive
11.846861642757512,executive
25.195901100433453,executive
12.394471767341827,executive
1.9480610332062465,executive
6.607150877033194,executive
1.5119041996719655,executive
4.447184560037791,executive
27.664800890369715,executive
25.679227719434184,executive
3.3245192197356643,executive
4.149565761667608,executive
9.168230438552769,executive
33.021839381488846,executive
1.5993560335452608,executive
2.9694705171006266,executive
20.679622993425383,executive
6.770617115962438,executive
22.92249610846227,executive
2.0520282481335332,executive
7.607166102025903,executive
3.9492529655176045,executive
3.8059089233910113,executive
5.921748138634428,executive
5.67532579119133,executive
4.421501710389731,executive
24.647602029647473,executive
13.158142217804063,executive
13.002891250025503,executive
3.4236841439305756,executive
8.620616339307105,executive
15.104048226391164,executive
15.876293011326567,executive
4.224034463536413,executive
14.734777815713386,executive
13.314043505471023,executive
1.5257615327058067,executive
20.095086108168857,executive
5.821810520730715,executive
6.6633087122273125,executive
5.948762588045465,executive
8.389732761999097,executive
9.70665736612409,executive
6.895129240035663,executive
20.158175130062798,executive
9.88148657807263,executive
5.132083757754203,executive
5.390395135012273,executive
16.651547400710253,executive
4.280051511124588,executive
2.375655448404631,executive
0.61219435939437,executive
20.876902523084638,executive
25.077223744762467,executive
1.2796995147681758,executive
4.071771851201332,executive
1.9282298772735547,executive
1.231833686703734,executive
23.012534100777703,executive
0.5855884484564198,executive
39.366058768269,executive
1.014247827114731,executive
19.912156632487022,executive
8.358775704943655,executive
4.587353361069353,executive
4.1907081229260905,executive
14.161934914058147,executive
3.7771370765736,executive
10.7095505039118,executive
7.284139744777763,executive
6.635216721123783,executive
23.142748593449028,executive
8.08883693668473,executive
17.536640219222214,executive
12.930719377139571,executive
0.3932025400866615,executive
14.832901918596608,executive
2.444568880235144,executive
23.345882427916553,executive
0.4387267500182554,executive
4.05073236611308,executive
1.0506383437735225,executive
6.454797742279263,executive
17.14923079581444,executive
3.5408880468582544,executive
1.63619413998238,executive
4.008762067852085,executive
16.81364414528202,executive
1.5126945198604553,executive
2.5794522661433863,executive
0.7133700735648412,executive
12.231897527301523,executive
5.029124217920868,executive
3.722817811519272,executive
12.680719210065494,executive
4.094393083009225,executive
13.011126587506656,executive
16.884778476712135,executive
2.4546948488028026,executive
36.42709743038794,executive
1.771644152331804,executive
3.4367538644668647,executive
1.9820132455509794,executive
4.238923359251945,executive
6.540435662254547,executive
7.3851254097502235,executive
19.21453950822179,executive
22.022684556736607,executive
2.485945230117092,executive
9.752290492947917,executive
1.1821619391693399,executive
6.142802903789115,executive
3.891000561074619,executive
3.8052971346043405,executive
6.589085530107818,executive
13.08695136737378,executive
0.7169221729392796,executive
21.13398303327045,executive
13.273229625569467,executive
1.9419098727493007,executive
27.995227539671518,executive
7.058519940469221,executive
85.6103075405615,executive
2.197237483876584,executive
7.655204700482785,executive
3.428397257039105,executive
3.6265501380911496,executive
8.941999910573912,executive
25.474512161220552,executive
16.361097422265512,executive
12.871421115320365,executive
8.191045449214842,executive
25.548807639747587,executive
6.779855150842856,executive
20.701423402681584,executive
17.956569176825717,executive
2.4058902605058368,executive
14.750183148562657,executive
0.1224583201384799,executive
3.8983224684524536,executive
2.6080316172224274,executive
7.069681688964837,executive
13.350430820019541,executive
1.0278202886697987,executive
7.234459925309049,executive
27.87288584864732,executive
2.5960858113073093,executive
11.305400299356235,executive
116.94908176335385,vacationer
120.57838153539231,vacationer
175.4877374003891,vacationer
113.57500031399748,vacationer
105.02950086017451,vacationer
120.64053671530645,vacationer
92.42659665390168,vacationer
125.78261547195649,vacationer
109.04834350361227,vacationer
66.26017355876449,vacationer
118.24240346598417,vacationer
110.47370718209402,vacationer
71.0273009379605,vacationer
117.98597536156434,vacationer
164.6806788622344,vacationer
135.63911244827142,vacationer
138.35781578193473,vacationer
79.75509823250871,vacationer
134.30695106766666,vacationer
124.45348744140234,vacationer
135.87135715003296,vacationer
132.67885865126476,vacationer
79.2065782348856,vacationer
118.75797565326097,vacationer
97.26387418724502,vacationer
118.49747717145534,vacationer
93.07797219294508,vacationer
159.3741110142299,vacationer
94.23082834666974,vacationer
93.03173530603392,vacationer
122.23759219630661,vacationer
87.68702791788016,vacationer
107.26010092701404,vacationer
95.10106207386114,vacationer
162.33516191668835,vacationer
143.57411480493516,vacationer
118.27591444603816,vacationer
108.26348843477952,vacationer
148.2275284372534,vacationer
132.15612240968665,vacationer
134.9415721404857,vacationer
119.21423287967248,vacationer
69.35309916685704,vacationer
116.62602052321341,vacationer
104.02530242372796,vacationer
139.35165820379632,vacationer
150.35527298982566,vacationer
100.26146865716494,vacationer
134.05155702831155,vacationer
172.0763699305714,vacationer
99.96861838288324,vacationer
170.45765220219414,vacationer
94.42242458488059,vacationer
120.68879266823855,vacationer
119.66563164474476,vacationer
120.34496699610187,vacationer
94.86965874276164,vacationer
102.26450688706711,vacationer
99.96839140921801,vacationer
129.80887786213373,vacationer
129.90105343530934,vacationer
186.77832995214777,vacationer
161.12967018873366,vacationer
104.70470273584563,vacationer
129.74608847388558,vacationer
149.91353942375278,vacationer
120.91805473015553,vacationer
117.91075264659193,vacationer
121.54724828309668,vacationer
146.01829886425284,vacationer
94.55038431584302,vacationer
110.22991593539477,vacationer
134.11299434539444,vacationer
129.34341214662467,vacationer
127.18748279569174,vacationer
108.90596501088591,vacationer
149.1760736742761,vacationer
184.01604741613613,vacationer
132.1924648102862,vacationer
114.2046989535048,vacationer
142.67220866683627,vacationer
103.8260208974103,vacationer
97.5092896589131,vacationer
120.98426242841136,vacationer
42.516101010901664,vacationer
85.38148909043971,vacationer
109.56114432237463,vacationer
79.3983342555686,vacationer
89.02070694323612,vacationer
106.89754987625977,vacationer
70.71104119408173,vacationer
107.81784611220505,vacationer
103.94189506401466,vacationer
120.76215625155048,vacationer
154.62552091482058,vacationer
125.17513249478597,vacationer
120.6318606402619,vacationer
122.98363371092135,vacationer
126.82178325363385,vacationer
89.49784054170694,vacationer
116.55674025687605,vacationer
129.26253725509838,vacationer
78.87720052370818,vacationer
145.96958768447558,vacationer
152.4412810337457,vacationer
101.05872034651833,vacationer
112.75986625640687,vacationer
93.65428971569781,vacationer
140.98141450763453,vacationer
88.16333137662272,vacationer
113.32568969271239,vacationer
94.23240276576985,vacationer
121.52862831033869,vacationer
66.17312185530837,vacationer
159.7938492709708,vacationer
91.06180727381208,vacationer
121.79684049348828,vacationer
113.62430865689072,vacationer
97.13656464232506,vacationer
93.36659590092194,vacationer
148.0919563065738,vacationer
104.23078220694181,vacationer
128.13510553911934,vacationer
95.95509343816876,vacationer
100.58455704456718,vacationer
134.16741450263547,vacationer
147.9122548833335,vacationer
114.74050793018941,vacationer
77.3424038507869,vacationer
179.93868239250014,vacationer
94.30352075297371,vacationer
73.75237800984638,vacationer
197.83273763304456,vacationer
107.87903118447188,vacationer
76.14801935215775,vacationer
99.49680699633954,vacationer
131.02634688066806,vacationer
125.70934672781819,vacationer
94.4481240823923,vacationer
174.6817080038388,vacationer
104.35260966019881,vacationer
84.45940228765343,vacationer
148.8208019538198,vacationer
159.87188539619046,vacationer
95.47520707151321,vacationer
77.95958120882068,vacationer
150.91314802246814,vacationer
58.58029160826115,vacationer
83.20135021810154,vacationer
149.02338450150705,vacationer
118.33942355932831,vacationer
112.08187954221937,vacationer
130.58449819483135,vacationer
115.41676729363773,vacationer
81.0393983351073,vacationer
158.28226038018562,vacationer
159.75042158660446,vacationer
126.1599769133388,vacationer
121.3540204629603,vacationer
190.18874418060176,vacationer
111.70701464952488,vacationer
112.21269054497881,vacationer
130.93443747721517,vacationer
164.13965868427016,vacationer
167.7831226325245,vacationer
112.24282104969686,vacationer
129.24993737878034,vacationer
78.65749598807768,vacationer
110.64071676251362,vacationer
94.7912881356208,vacationer
89.79504743103048,vacationer
170.44730148801983,vacationer
96.23140014581566,vacationer
104.05182275965635,vacationer
130.97546363750575,vacationer
158.93475800920757,vacationer
134.43345379166507,vacationer
202.78065342064747,vacationer
117.75996065246551,vacationer
127.76149320689238,vacationer
128.2680202195217,vacationer
163.05148160367463,vacationer
135.21716853328846,vacationer
116.51310898838553,vacationer
91.57534215279361,vacationer
127.33330367884898,vacationer
162.04034493875878,vacationer
107.68854619026388,vacationer
135.86830855249747,vacationer
127.38443366054533,vacationer
145.90558975143944,vacationer
95.85738778086392,vacationer
190.39941091579686,vacationer
81.62516678915225,vacationer
109.03346730041888,vacationer
148.14277622716938,vacationer
128.9019951748234,vacationer
144.8995847724331,vacationer
105.11692998052312,vacationer
117.75585051958977,vacationer
120.36695950916452,vacationer
167.07778843607713,vacationer
140.71287073149148,vacationer
143.90016325094015,vacationer
100.26221722389614,vacationer
149.06647915689152,vacationer
126.7674499070641,vacationer
161.67435947033783,vacationer
180.42180464755404,vacationer
110.79702671918986,vacationer
107.81090608664812,vacationer
94.07865026692892,vacationer
115.69261464851039,vacationer
108.53923653148848,vacationer
130.7851319871303,vacationer
115.66299549198793,vacationer
109.1520215765514,vacationer
151.93755408383555,vacationer
91.86359306545646,vacationer
132.99323859454032,vacationer
107.8217481843455,vacationer
141.73105514609892,vacationer
161.55784640166692,vacationer
110.90705239727782,vacationer
133.23098721819454,vacationer
125.3637859719954,vacationer
96.0173280137071,vacationer
127.22362529225815,vacationer
128.67361515836436,vacationer
132.38612461338525,vacationer
114.04803309539862,vacationer
122.8257690093044,vacationer
85.57167165470594,vacationer
109.2565777356043,vacationer
136.67888039129394,vacationer
146.77421661994592,vacationer
107.33055527624188,vacationer
123.14142088299853,vacationer
126.84159975372202,vacationer
126.04439840113298,vacationer
136.2232075590117,vacationer
65.45767108849292,vacationer
118.52027789557282,vacationer
127.17100803740294,vacationer
89.99008953138883,vacationer
170.2195712103213,vacationer
124.84677801714504,vacationer
166.90214235086788,vacationer
96.28430934500769,vacationer
92.78099635424019,vacationer
126.72756662897045,vacationer
69.6393491151403,vacationer
126.44896771878281,vacationer
122.91657696008754,vacationer
150.46995844626304,vacationer
141.03124023495292,vacationer
107.47567950344899,vacationer
87.07510035689266,vacationer
171.3691566402989,vacationer
96.2365493830455,vacationer
88.63426328791603,vacationer
87.45431821615665,vacationer
153.51915946609995,vacationer
104.43299386725444,vacationer
97.38886601458198,vacationer
124.13069477710042,vacationer
113.79165868328127,vacationer
99.65713617641259,vacationer
142.61974400935438,vacationer
151.95946476293983,vacationer
149.559525268196,vacationer
143.00759008983596,vacationer
132.07876593390105,vacationer
66.72336000114512,vacationer
170.07752419130907,vacationer
129.0596763107266,vacationer
138.24469282801925,vacationer
153.44886968842206,vacationer
163.00057508645975,vacationer
132.55194033927577,vacationer
133.0663847788696,vacationer
102.02327167620842,vacationer
120.9926925341628,vacationer
94.37516217556936,vacationer
98.40178403574316,vacationer
93.19276793057426,vacationer
115.31928327008139,vacationer
151.4727956376003,vacationer
215.12924319870538,vacationer
125.6849891264374,vacationer
79.5476073673164,vacationer
157.94949989568767,vacationer
110.97648370571919,vacationer
100.18174218069024,vacationer
126.29548433769166,vacationer
82.78126201331318,vacationer
126.6738949202582,vacationer
117.34873430402536,vacationer
122.95133720446427,vacationer
131.44248762627512,vacationer
122.02476771722421,vacationer
120.49014252338678,vacationer
128.52943556993833,vacationer
132.4620187851338,vacationer
89.05552619054227,vacationer
77.10026223943655,vacationer
118.15085843483355,vacationer
77.01793530197676,vacationer
122.62594412765013,vacationer
148.1624062704693,vacationer
138.2133501574814,vacationer
88.5548877952358,vacationer
94.19212644127444,vacationer
129.84903885002265,vacationer
107.9610658459947,vacationer
110.50034114843679,vacationer
137.90719443743862,vacationer
90.38139919627042,vacationer
107.96295870266452,vacationer
95.99752571746197,vacationer
88.70611505893933,vacationer
94.28765433986506,vacationer
140.32386508039235,vacationer
121.55461168447265,vacationer
93.62518113494775,vacationer
113.0669517722101,vacationer
70.83578078633467,vacationer
98.00061577249002,vacationer
184.4872360460186,vacationer
117.29268451002748,vacationer
141.94976781091177,vacationer
118.03534874566552,vacationer
130.44507705725425,vacationer
139.89774269037522,vacationer
86.86150207420587,vacationer
119.07191228178124,vacationer
167.36595583249465,vacationer
96.13498349840127,vacationer
103.00680438803343,vacationer
110.76926167898995,vacationer
128.0707221952874,vacationer
135.7475359093765,vacationer
158.0223496445597,vacationer
134.9849470040598,vacationer
118.13840622604998,vacationer
157.77501388832442,vacationer
141.12333066424748,vacationer
75.12961451228952,vacationer
195.79104721067995,vacationer
173.097641645902,vacationer
114.95357331698777,vacationer
131.33730305215425,vacationer
159.73076249987517,vacationer
114.83397621909351,vacationer
141.91055371131057,vacationer
153.1373542071443,vacationer
89.55522276796677,vacationer
101.93004439251413,vacationer
147.64225193431744,vacationer
133.82443431446492,vacationer
147.7138968094184,vacationer
116.02295956038846,vacationer
111.32984367137301,vacationer
60.04081573249882,vacationer
85.61998720477669,vacationer
121.41198283975481,vacationer
144.7367165869271,vacationer
135.93535099607087,vacationer
116.15274077916894,vacationer
111.8468530052791,vacationer
126.5153889791484,vacationer
122.34633543276456,vacationer
162.13636544819136,vacationer
124.39322311434749,vacationer
75.56262113408104,vacationer
81.82325594903048,vacationer
165.56278010890742,vacationer
84.86518615649759,vacationer
142.934923591006,vacationer
111.94881794371857,vacationer
114.90725118292544,vacationer
115.9760165169474,vacationer
156.64154878377596,vacationer
114.21474514368106,vacationer
119.00042151464541,vacationer
74.07589507801522,vacationer
126.20071535124009,vacationer
135.93127520934178,vacationer
127.17436741961362,vacationer
161.93688783260205,vacationer
121.65514064340695,vacationer
128.96932368357054,vacationer
169.45512030804537,vacationer
73.49957431925557,vacationer
106.32523956601894,vacationer
162.78476256057797,vacationer
148.08387444933248,vacationer
140.3514029652141,vacationer
144.97952218393436,vacationer
129.81198627363065,vacationer
168.94792282596813,vacationer
131.33277509192155,vacationer
127.19601317685836,vacationer
124.76876022376929,vacationer
125.78591866651158,vacationer
85.28948157552396,vacationer
143.1201916339003,vacationer
116.08680798650018,vacationer
174.6574529358122,vacationer
117.73048588234731,vacationer
132.6275485252697,vacationer
127.39806558784004,vacationer
101.2332889467224,vacationer
149.76410485555516,vacationer
177.15190921680053,vacationer
119.55668341020466,vacationer
110.98563643243733,vacationer
109.34913806833877,vacationer
63.22914320047976,vacationer
114.66560568890962,vacationer
127.52994348024971,vacationer
151.6427377554085,vacationer
148.80143223449784,vacationer
107.50502752689923,vacationer
111.69531015678335,vacationer
153.71715916843317,vacationer
114.79608308781363,vacationer
104.69911380733149,vacationer
161.77555348302818,vacationer
151.12757001151903,vacationer
120.56375375322773,vacationer
102.18667656663997,vacationer
59.64359042265873,vacationer
137.6911081672417,vacationer
93.10890832343459,vacationer
61.118039725777436,vacationer
167.54461582047054,vacationer
139.43903373029664,vacationer
85.82975420649103,vacationer
83.56795851122223,vacationer
146.12885346514858,vacationer
93.66088150392389,vacationer
158.88449602583648,vacationer
138.49377937878467,vacationer
136.0978956170047,vacationer
132.140863668429,vacationer
125.74352616071735,vacationer
146.41533597531333,vacationer
106.37758912453185,vacationer
122.57855920303155,vacationer
142.55839763031588,vacationer
136.88969155758383,vacationer
84.1503958419402,vacationer
104.98770998087208,vacationer
127.58410516257463,vacationer
107.75955872880309,vacationer
173.2397568292,vacationer
108.20540415737662,vacationer
115.13344657269927,vacationer
143.08290534531912,vacationer
129.91598229704746,vacationer
115.64176628385692,vacationer
97.30519413357754,vacationer
129.04542172190298,vacationer
151.17289321135178,vacationer
134.37285672294686,vacationer
96.65449435631633,vacationer
172.10324870930134,vacationer
76.60266329892318,vacationer
72.51943074591634,vacationer
148.81671673371685,vacationer
126.7752143580807,vacationer
103.51504361087879,vacationer
87.04287817334011,vacationer
189.62399517840896,vacationer
123.51272616466326,vacationer
136.02603512537314,vacationer
129.53655291714546,vacationer
133.04423873193474,vacationer
136.20283381574419,vacationer
141.97272029264627,vacationer
108.74332797717982,vacationer
111.25074040944466,vacationer
67.76931574923296,vacationer
96.59086780495382,vacationer
128.13338389340146,vacationer
151.35070126508072,vacationer
137.9711857912855,vacationer
109.77922968366208,vacationer
82.10481263744538,vacationer
36.679225637177,vacationer
154.55201924342396,vacationer
102.3231304046955,vacationer
106.54604981387823,vacationer
123.94721903724206,vacationer
77.8331985782433,vacationer
109.50653459665389,vacationer
180.70415849309921,vacationer
135.16160815732027,vacationer
130.7774746954037,vacationer
72.52516566054724,vacationer
187.30805683747923,vacationer
77.31615274120972,vacationer
177.66974266333196,vacationer
56.548319544365775,vacationer
162.1609631617326,vacationer
168.54162807000677,vacationer
95.26772636016496,vacationer
132.6774111681865,vacationer
136.42441716313996,vacationer
95.58616550306083,vacationer
76.52647167789209,vacationer
80.46847970577704,vacationer
136.23024659879422,vacationer
117.44653192441783,vacationer
103.07096900093518,vacationer
149.0030403349938,vacationer
135.24203728174433,vacationer
97.336118209031,vacationer
83.96395442947832,vacationer
135.6978521606423,vacationer
103.87249894325814,vacationer
122.97614587594508,vacationer
167.28896917883154,vacationer
135.06984720224338,vacationer
94.13199000740289,vacationer
124.81983569459318,vacationer
91.42065141553837,vacationer
168.2556646784617,vacationer
103.15263751190338,vacationer
126.21812240920856,vacationer
129.23197724038295,vacationer
124.77751405121107,vacationer
61.24353134590384,vacationer
76.60736808050015,vacationer
106.42949173292725,vacationer
129.5829549999459,vacationer
115.86662357142689,vacationer
91.28557580546949,vacationer
79.54727042634897,vacationer
107.9532736650197,vacationer
105.9457186596083,vacationer
135.3850937277827,vacationer
110.21044613525046,vacationer
138.0812296928799,vacationer
102.16050690838784,vacationer
112.32126992357195,vacationer
109.55860861072142,vacationer
96.52899099293731,vacationer
138.7535596930119,vacationer
95.59212008716479,vacationer
104.35075470088142,vacationer
117.80641062155408,vacationer
81.0786103212978,vacationer
110.25195125038502,vacationer
98.66080920771634,vacationer
108.35537422553251,vacationer
118.20215991986728,vacationer
96.00259130578006,vacationer
113.39772660538934,vacationer
159.26006257056537,vacationer
119.22604325236539,vacationer
154.35786519057675,vacationer
130.39483326020283,vacationer
143.2248182945645,vacationer
96.76623093687522,vacationer
123.14721495256538,vacationer
124.01738767846427,vacationer
101.62122783375193,vacationer
95.31515027117155,vacationer
75.29203836278106,vacationer
164.88418910854895,vacationer
90.82791331942508,vacationer
160.386632196669,vacationer
105.9752047902644,vacationer
94.12520100825799,vacationer
138.67557420914994,vacationer
101.06424174759428,vacationer
137.0537675677283,vacationer
110.01564705443371,vacationer
134.4127348835336,vacationer
90.95441808278684,vacationer
144.94053173954305,vacationer
134.63918047989014,vacationer
92.41047929812015,vacationer
199.28807163044223,vacationer
136.2036907920148,vacationer
188.71401211591615,vacationer
168.00803456246277,vacationer
114.33495659346649,vacationer
107.63184736186372,vacationer
107.89622449737597,vacationer
65.09914348716569,vacationer
99.12494641951358,vacationer
127.40298071939912,vacationer
165.77872682654424,vacationer
96.81684351065394,vacationer
146.4616979808903,vacationer
82.42219975490043,vacationer
102.41039924366603,vacationer
106.27078217131422,vacationer
131.15433244492482,vacationer
133.71928940162434,vacationer
148.87025234443036,vacationer
143.12510881214808,vacationer
127.29504646207475,vacationer
131.71094830525868,vacationer
167.65592073292598,vacationer
104.67221456303211,vacationer
143.24184957201487,vacationer
65.75568220505245,vacationer
132.34002728692826,vacationer
105.50251372562678,vacationer
120.0771354729453,vacationer
151.2025873516111,vacationer
124.93931428579192,vacationer
146.5556262362678,vacationer
164.21294445415214,vacationer
131.67281906597162,vacationer
155.13123193861463,vacationer
110.20317066962377,vacationer
119.75370353191158,vacationer
104.32141750804566,vacationer
151.2893278393913,vacationer
132.42274061380786,vacationer
104.78296614315232,vacationer
124.64006500938997,vacationer
151.24705166455746,vacationer
118.8219602688614,vacationer
91.5320156745071,vacationer
123.95735267362237,vacationer
60.583032267931806,vacationer
143.06311933198424,vacationer
107.36017238025958,vacationer
105.9206779116268,vacationer
146.2708703633852,vacationer
79.04511368324494,vacationer
178.41295928461074,vacationer
105.5927387478533,vacationer
104.30247169845315,vacationer
150.6367422950149,vacationer
141.2608581933128,vacationer
193.53689157225227,vacationer
113.6638204910544,vacationer
116.38780084006771,vacationer
75.62052060110238,vacationer
110.03693167953524,vacationer
98.35706113284732,vacationer
106.53698960683502,vacationer
67.67436730338135,vacationer
169.8182267968354,vacationer
77.50189552723077,vacationer
35.933916048248605,vacationer
84.34726735250942,vacationer
101.88481341611546,vacationer
85.51337810228645,vacationer
152.94910622197537,vacationer
115.86482464211718,vacationer
120.76156813219377,vacationer
138.31175292916237,vacationer
128.58037580934354,vacationer
149.3570189233813,vacationer
86.71567339091564,vacationer
103.57445697961705,vacationer
139.97901438208612,vacationer
43.9633661374731,vacationer
78.74446562048277,vacationer
135.0297669653984,vacationer
105.59252895015224,vacationer
148.08322650329092,vacationer
144.27540890559487,vacationer
84.05721359426886,vacationer
132.19971262400642,vacationer
156.05093567002518,vacationer
124.42303204952916,vacationer
90.67605368262392,vacationer
146.3816982574011,vacationer
139.06273579661988,vacationer
136.27832350496388,vacationer
141.47816680310976,vacationer
30.16161419317143,vacationer
146.42812683242914,vacationer
174.24395431736926,vacationer
133.09915423887878,vacationer
125.7818698949918,vacationer
140.89316020174317,vacationer
130.14676421055347,vacationer
139.5534378510185,vacationer
120.04413000736233,vacationer
96.99885436389299,vacationer
89.8703186335616,vacationer
90.05424815304409,vacationer
78.80872347147314,vacationer
87.9677396694268,vacationer
172.8379838225959,vacationer
142.62286990968727,vacationer
101.24917827945987,vacationer
108.28821918043477,vacationer
123.37672592719363,vacationer
100.33364911546926,vacationer
122.02550571522974,vacationer
143.32812413708737,vacationer
118.9277179935548,vacationer
130.08047227985978,vacationer
146.5947461807885,vacationer
111.83604731945375,vacationer
128.5437179740309,vacationer
110.71867221349916,vacationer
119.1441339049675,vacationer
110.2580920475112,vacationer
104.13390439331654,vacationer
125.2113555896107,vacationer
136.99635947454638,vacationer
124.38913338003132,vacationer
134.96180874935797,vacationer
97.86204659276311,vacationer
83.88794423400662,vacationer
132.5113050890281,vacationer
140.63644173524264,vacationer
121.49571799799467,vacationer
160.44107341274156,vacationer
147.23096393963695,vacationer
200.41712522307,vacationer
113.97574458013003,vacationer
90.03453611713896,vacationer
97.79589627781459,vacationer
103.03506580876031,vacationer
134.28094150314342,vacationer
55.257943081162296,vacationer
159.5565305427251,vacationer
112.82110226572968,vacationer
112.59619326633745,vacationer
87.61970501925015,vacationer
116.57323345649459,vacationer
120.397193030026,vacationer
116.34165217199168,vacationer
130.17177767827292,vacationer
102.3110387414691,vacationer
93.12552718767519,vacationer
136.4498439149394,vacationer
122.96002361447387,vacationer
125.91543165592103,vacationer
151.77081763325899,vacationer
89.32306826217943,vacationer
94.34278628247408,vacationer
157.71658952486982,vacationer
75.51349927277872,vacationer
80.71763561006958,vacationer
144.53585493554988,vacationer
127.14600576066115,vacationer
123.15696411177828,vacationer
117.2502177569885,vacationer
120.93802641082708,vacationer
117.23663655924132,vacationer
160.66328107783255,vacationer
108.05555613749775,vacationer
115.15879391166662,vacationer
173.8334641567522,vacationer
120.82529106089507,vacationer
186.96049168575533,vacationer
116.85060896943139,vacationer
161.02244947380476,vacationer
70.33967885070967,vacationer
124.60933382446999,vacationer
72.46579310547193,vacationer
145.3336291981376,vacationer
83.61396551372926,vacationer
128.51308663150036,vacationer
111.53412369928695,vacationer
85.25390444447913,vacationer
71.41920051307372,vacationer
104.6687860925967,vacationer
172.21888337685994,vacationer
111.19544835331868,vacationer
147.51664626347568,vacationer
118.28871397013435,vacationer
146.30180321071356,vacationer
65.19265865086447,vacationer
107.904350794514,vacationer
148.48216571379658,vacationer
115.10235153500464,vacationer
117.40634151866858,vacationer
107.08614264342621,vacationer
154.48138150101371,vacationer
128.92543061864836,vacationer
121.32066828526044,vacationer
139.29163636017879,vacationer
137.6467478735381,vacationer
126.3776113931261,vacationer
166.41094490972534,vacationer
118.19137399082643,vacationer
128.3424314390383,vacationer
100.71142339941329,vacationer
124.50345681018388,vacationer
167.63284571236102,vacationer
100.70227194633783,vacationer
85.99221523084623,vacationer
149.90278928459446,vacationer
115.53701543298962,vacationer
122.8801261490931,vacationer
118.64660088919996,vacationer
122.37365171788605,vacationer
145.51592050570315,vacationer
94.82627428202179,vacationer
89.64677747683534,vacationer
122.54904411113122,vacationer
71.80680931650502,vacationer
78.80839391874215,vacationer
176.0004944499488,vacationer
142.7240499018421,vacationer
119.69830584392956,vacationer
157.1402080787532,vacationer
88.78202309744566,vacationer
110.53190629842425,vacationer
138.70360828273147,vacationer
146.72015044294184,vacationer
135.3875054048333,vacationer
43.76283576935326,vacationer
90.95753647006266,vacationer
134.31204277070594,vacationer
109.32145520859581,vacationer
196.20694862277514,vacationer
147.7967490290129,vacationer
136.74245641855998,vacationer
86.4915133875983,vacationer
118.94109781191253,vacationer
127.23611892656858,vacationer
153.83350890383406,vacationer
146.43393291298898,vacationer
150.98967583559838,vacationer
92.28263952569993,vacationer
162.36455094895894,vacationer
78.58707743078193,vacationer
103.92256315001515,vacationer
132.92313404836923,vacationer
115.50325224800582,vacationer
89.81889426238826,vacationer
95.35350523190601,vacationer
73.55237031452873,vacationer
135.95923917021574,vacationer
157.8170653512645,vacationer
116.98819489795902,vacationer
107.98953554959729,vacationer
75.83031214600531,vacationer
147.39605772756533,vacationer
186.33912999718478,vacationer
66.07632586899308,vacationer
88.0970118553618,vacationer
99.61220872367568,vacationer
103.07046270952533,vacationer
126.82037850430443,vacationer
168.42748641840683,vacationer
150.2579186058031,vacationer
135.8279214832295,vacationer
98.28213887824194,vacationer
86.41115298958637,vacationer
96.09674081081097,vacationer
166.44200404136217,vacationer
118.14770095626297,vacationer
106.59491239012137,vacationer
114.48732809250023,vacationer
144.73854658915403,vacationer
80.61450976350625,vacationer
162.44622407767267,vacationer
124.69428770838897,vacationer
113.50968065112822,vacationer
133.28538341240215,vacationer
126.5519121938981,vacationer
109.67410630597857,vacationer
112.4186798387518,vacationer
93.93412359402143,vacationer
139.69172252577908,vacationer
104.04018571766514,vacationer
91.31224732703151,vacationer
124.97590567960611,vacationer
159.8742384823666,vacationer
118.54966128660541,vacationer
101.7569622914493,vacationer
132.1168806250792,vacationer
178.10137387207655,vacationer
76.44283411704758,vacationer
131.4660836335588,vacationer
126.15259875695561,vacationer
154.8460141067735,vacationer
149.72727521054537,vacationer
114.39872664570662,vacationer
69.46448233725351,vacationer
144.1969130368878,vacationer
94.9442192942555,vacationer
91.59778767128432,vacationer
154.45051742073377,vacationer
92.67448867084042,vacationer
162.08534220300731,vacationer
130.0753416421594,vacationer
129.57355200258849,vacationer
129.21794341516772,vacationer
70.84729122774624,vacationer
66.70834150960272,vacationer
126.46659161366054,vacationer
137.0402207767926,vacationer
122.47833096468602,vacationer
95.35396448941418,vacationer
120.56766311646584,vacationer
117.53897540563547,vacationer
91.28525705173769,vacationer
150.41916462336485,vacationer
68.09171815349742,vacationer
137.6622722042252,vacationer
131.52970215633735,vacationer
150.29135564435143,vacationer
89.84064382953423,vacationer
123.04221440004633,vacationer
185.13494847954496,vacationer
139.8622286699912,vacationer
123.0174362618689,vacationer
136.1748382234259,vacationer
122.5853052714036,vacationer
185.72694039719522,vacationer
149.5090858736754,vacationer
117.43155137308509,vacationer
127.56994294153564,vacationer
108.27606011756959,vacationer
156.29550379230915,vacationer
77.81685685826967,vacationer
71.8578441041704,vacationer
163.76144249027982,vacationer
184.59359377711746,vacationer
134.04914723068777,vacationer
123.38213823707211,vacationer
139.7180307091433,vacationer
100.58839420851723,vacationer
125.13730635456638,vacationer
121.16726117568645,vacationer
138.79692752236082,vacationer
73.2600441544981,vacationer
104.78895690703987,vacationer
145.34986809002513,vacationer
99.73218517109811,vacationer
90.19915873730594,vacationer
181.26216449480862,vacationer
121.14354000538201,vacationer
102.63245580170377,vacationer
69.22888687577674,vacationer
141.8803903884128,vacationer
140.9740846115608,vacationer
111.03721198290192,vacationer
86.93309427278729,vacationer
119.26351729072863,vacationer
94.92431797555136,vacationer
91.73719233380652,vacationer
116.90361745614877,vacationer
88.45828804019806,vacationer
127.39946865757338,vacationer
138.2397752821919,vacationer
94.81102658480425,vacationer
78.95264713984828,vacationer
166.83838796867423,vacationer
91.79189292128385,vacationer
100.20171884692988,vacationer
126.39051502289662,vacationer
137.98108117566892,vacationer
112.31049318931072,vacationer
133.82382983103767,vacationer
107.97041526310797,vacationer
90.86488005526827,vacationer
162.78950582361082,vacationer
194.65324842993385,vacationer
170.8790859904251,vacationer
124.25419917460363,vacationer
175.00306085447036,vacationer
130.67110547171953,vacationer
105.68141188790312,vacationer
133.99138723145936,vacationer
117.16822480766444,vacationer
90.50645448762877,vacationer
93.05034085703952,vacationer
144.0615521622155,vacationer
64.6040405500598,vacationer
138.12410221328054,vacationer
71.11249191754686,vacationer
56.36470665292692,vacationer
64.83460188724504,vacationer
179.0029191580422,vacationer
114.11298105169374,vacationer
122.59749540496257,vacationer
162.57765137732855,vacationer
148.02539245499173,vacationer
78.25484191787342,vacationer
146.07019028456284,vacationer
125.52543794110639,vacationer
109.74965707212358,vacationer
120.72872742413341,vacationer
158.39436061884066,vacationer
93.42100553877141,vacationer
132.02657037312363,vacationer
119.71028290401274,vacationer
66.08506153813144,vacationer
95.93240484807568,vacationer
125.7964065970109,vacationer
158.92026267278672,vacationer
